R_name,Prum_name,Genus,Species,Family,Order,Prum_genus,Prum_species,Prum_family,Prum_Order,Mass_M_(hbw_alive),Mass_F_(hbw_alive),obligate walk,facultative walk,Ground_running_specialised,unclear walking just in case,Documented_walking_ability,Terr0_Arb1,Nesting_substrate (ground 0),Hopping,Perching,Anisodactyl,Zygodactyl,Heterodactyl,Pamprodactyl,Hanging_Clinging,Scansorial,Raptorial,Digit_manip,Force_grip,Hold_down,Flightless,Swimming_ability,Surface_foot_propelled_swimming,Webbed_feet,Palmate0_Totipalmate1,Submerged_foot_propelled_swimming,SubFP swim type,Beak_use_Andrew,ndiet-Inv,ndiet-Vend,ndiet-Vect,ndiet-Vfish,ndiet-Vunk,ndiet-Scav,ndiet-Fruit,ndiet-Nect,ndiet-Seed,ndiet-PlantO,Diet-5Cat,ForStrat-watbelowsurf,ForStrat-wataroundsurf,ForStrat-ground,ForStrat-understory,ForStrat-midhigh,ForStrat-canopy,ForStrat-aerial,PelagicSpecialist,Exclusive_pelagic_soaring,Soaring_over_land,Ubiquitous ,Recorded,Ubiquitous ,Recorded,Wing_propelled_diving,Ubiquitous ,Recorded,Sallying_flight,Ubiquitous ,Recorded,Aerial_pursuit_hunting,Ubiquitous ,Recorded,Cluttered_flight,Recorded,Migratory_flight,Ubiquitous ,Recorded,Escape_burst_flight
Acanthisitta_chloris_YPM_125219,Acanthisitta,Acanthisitta,chloris,Acanthisittidae,Passeriformes,Acanthisitta,,,,6,7,0,1,0,,1,2,2,0,1,1,0,0,0,1,0,0,0,0,0,0,0,0,0,NA,0,,Grabbing/gleaning,90,0,0,0,0,0,10,0,0,0,Invertebrate,0,0,20,60,20,0,0,0,0,0,NA,NA,NA,NA,0,NA,NA,0,NA,NA,0,NA,NA,1,NA,0,NA,NA,0
Accipiter_nisus_NHMUK_S1982.149.1,Accipiter,Accipiter,nisus,Accipitridae,Accipitriformes,Accipiter,superciliosus,Accipitridae,Accipitriformes,150.5,272.5,0,1,0,,1,2,0,0,1,1,0,0,0,0,0,1,1,1,1,0,0,0,0,NA,0,,Tearing,0,100,0,0,0,0,0,0,0,0,VertFishScav,0,0,20,20,20,20,20,0,0,1,0,1,0,1,0,0,0,0,0,1,1,0,1,1,1,1,0,1,0
Alcedo_atthis_NHMUK_S_1994.7.1,Alcedo,Alcedo,atthis,Alcedinidae,Coraciiformes,Alcedo,quadribrachys,Alcedinidae,Coraciiformes,29,32.5,0,1,0,,1,2,0,0,1,1,0,0,0,0,0,0,0,0,0,0,1,0,0,NA,0,,Grabbing/gleaning,30,0,0,70,0,0,0,0,0,0,VertFishScav,100,0,0,0,0,0,0,0,0,0,0,0,0,0,0,1,1,0,0,1,0,0,0,1,1,1,0,1,0
Anas_discors_NHMUK_S2001.41.5,Anas,Anas,discors,Anatidae,Anseriformes,Anas,superciliosa,Anatidae,Anseriformes,431,366,0,1,0,,1,0,0,0,0,1,0,0,0,0,0,0,0,0,0,0,2,1,2,0,1,foot,Probing,30,0,0,70,0,0,0,0,0,0,VertFishScav,100,0,0,0,0,0,0,0,0,0,0,0,0,0,0,0,1,0,0,0,0,0,0,1,1,1,0,1,0
Anhinga_anhinga_FMNH_491374,Anhinga,Anhinga,anhinga,Anhingidae,Suliformes,Anhinga,anhinga,Anhingidae,Suliformes,1085,1085,1,1,0,,1,0,0,0,1,1,0,0,0,0,0,0,0,0,0,0,2,1,2,1,1,foot,Grabbing/gleaning,20,0,20,60,0,0,0,0,0,0,VertFishScav,100,0,0,0,0,0,0,0,0,1,0,1,0,1,0,1,1,0,0,0,0,0,0,1,1,1,0,1,0
Anser_fabalis_NHMUK_1895.2.6.9_,Anser,Anser,fabalis,Anatidae,Anseriformes,Anser,canagicus,Anatidae,Anseriformes,3375,2845,0,1,0,,1,0,0,0,0,1,0,0,0,0,0,0,0,0,0,0,2,1,2,0,1,foot,Pecking/grazing,0,0,0,0,0,0,20,0,0,80,PlantSeed,0,20,80,0,0,0,0,0,0,0,0,0,0,0,0,0,0,0,0,0,0,0,0,1,1,1,1,1,0
Anseranas semipalmata NHMUK 1852.7.22.1,Anseranas,Anseranas,semipalmata,Anseranatidae,Anseriformes,Anseranas,semipalmata,Anseranatidae,Anseriformes,2516.5,2516.5,0,1,0,,1,0,0,0,1,1,0,0,0,0,0,0,0,0,0,0,2,1,2,0,0,foot,Pecking/grazing,0,0,0,0,0,0,0,0,30,70,PlantSeed,0,40,60,0,0,0,0,0,0,0,NA,NA,NA,NA,0,NA,NA,0,NA,NA,0,NA,NA,0,NA,0,NA,NA,0
Apaloderma_narino_FMNH_290897_,Apaloderma,Apaloderma,narino, Trogonidae,Trogoniformes,Apaloderma,aequatoriale, Trogonidae,Trogoniformes,73,73,0,0,0,,0,2,2,0,1,0,0,1,0,0,0,0,0,0,0,0,0,0,0,NA,0,,Grabbing/gleaning,90,0,10,0,0,0,0,0,0,0,Invertebrate,0,0,0,30,70,0,0,0,0,0,NA,NA,NA,NA,0,NA,NA,0,NA,NA,0,NA,NA,1,NA,0,NA,NA,0
Aramus_guarauna_FMNH_376078,Aramus,Aramus,guarauna,Aramidae,Gruiformes,Aramus,,,,1250,1025,1,1,0,,1,0,1,0,1,1,0,0,0,0,0,0,0,0,0,0,2,1,0,NA,0,,Probing,50,0,20,0,30,0,0,0,0,0,Omnivore,0,50,50,0,0,0,0,0,0,0,NA,NA,NA,NA,0,NA,NA,0,NA,NA,0,NA,NA,1,NA,1,NA,NA,0
Archilochus_colubris_FMNH_484738,Archilochus,Archilochus,colubris,Trochilidae,Apodiformes,Archilochus,colubris,Trochilidae,Apodiformes,3,3.3,0,0,0,,0,2,2,0,1,1,0,0,0,0,0,0,0,0,0,0,0,0,0,NA,0,,Probing,40,0,0,0,0,0,0,60,0,0,FruiNect,0,0,0,40,40,0,20,0,0,0,0,0,0,0,0,0,0,1,0,1,1,0,0,1,1,1,1,1,0
Ardea_alba_UMZC_338H,Ardea,Ardea,alba,Ardeidae,Pelecaniformes,Ardea,,,,1200,1200,1,1,0,,1,0,2,0,1,1,0,0,0,0,0,0,0,0,0,0,0,0,0,NA,0,,Grabbing/gleaning,40,10,30,20,0,0,0,0,0,0,VertFishScav,0,50,50,0,0,0,0,0,0,1,0,1,0,1,0,0,0,0,0,0,0,0,0,1,1,1,0,1,0
Arenaria_interpres_FMNH_313992,Arenaria,Arenaria,interpres,Scolopacidae,Charadriiformes,Arenaria,interpres,Scolopacidae,Charadriiformes,137,137,1,1,1,,1,0,0,0,0,1,0,0,0,0,0,0,0,0,0,0,2,1,0,NA,0,,Pecking/grazing,80,0,0,0,0,0,0,0,0,20,Invertebrate,0,0,100,0,0,0,0,0,0,0,0,0,0,0,0,0,0,0,0,0,0,0,0,0,0,1,1,1,0
Aythya_ferina_NMHUK_1851.12.23.15,Aythya,Aythya,ferina,Anatidae,Anseriformes,Aythya,,,,912.5,778.5,0,1,0,,1,0,0,0,0,1,0,0,0,0,0,0,0,0,0,0,2,1,2,0,1,foot,Probing,10,0,10,10,0,0,0,0,20,50,PlantSeed,50,50,0,0,0,0,0,0,0,0,0,0,0,0,0,1,1,0,0,0,0,0,0,0,0,1,0,1,0
Balaeniceps_rex_NHMUK_S1952.1.100,Balaeniceps,Balaeniceps,rex,Balaenicipitidae,Pelecaniformes,Balaeniceps,rex,Balaenicipitidae,Pelecaniformes,6700,5130,1,1,0,,1,0,0,0,0,1,0,0,0,0,0,0,0,0,0,0,0,0,0,NA,0,,Grabbing/gleaning,0,10,20,70,0,0,0,0,0,0,VertFishScav,0,100,0,0,0,0,0,0,0,1,NA,NA,NA,NA,0,NA,NA,0,NA,NA,0,NA,NA,1,NA,0,NA,NA,0
Balearica_pavonina_NHMUK_1859.10.26.5_ROGER,Balearica,Balearica,pavonina,Gruidae,Gruiformes,Balearica,regulorum,Gruidae,Gruiformes,3500,3500,1,1,1,,1,0,0,0,1,1,0,0,0,0,0,0,0,0,1,0,0,0,0,NA,0,,Pecking/grazing,30,0,20,10,0,0,0,0,10,30,Omnivore,0,50,50,0,0,0,0,0,0,0,NA,NA,NA,NA,0,NA,NA,0,NA,NA,0,NA,NA,1,NA,0,NA,NA,0
Barnardius_zonarius_NHMUK_S_1983.5.1,Barnardius,Barnardius,zonarius,Psittaculidae,Psittaciformes,Barnardius,zonarius,Psittaculidae,Psittaciformes,152.5,152.5,0,1,0,,1,2,2,0,1,0,1,0,0,1,0,0,1,1,1,0,0,0,0,NA,0,,Tearing,10,0,0,0,0,0,60,10,10,10,FruiNect,0,0,0,0,60,40,0,0,0,0,NA,NA,NA,NA,0,NA,NA,0,NA,NA,0,NA,NA,1,NA,0,NA,NA,0
Bonasa_umbellus_FMNH_348972,Bonasa,Bonasa,umbellus,Phasianidae,Galliformes,Bonasa,umbellus,Phasianidae,Galliformes,720,540,1,1,0,,1,0,0,0,1,1,0,0,0,0,0,0,0,0,0,0,0,0,0,NA,0,,Grabbing/gleaning,10,0,0,0,0,0,20,0,0,70,PlantSeed,0,0,60,40,0,0,0,0,0,0,NA,NA,NA,NA,0,NA,NA,0,NA,NA,0,NA,NA,1,NA,0,NA,NA,1
Bucco_capensis_FMNH_330305,Bucco,Bucco,capensis,Bucconidae,Piciformes,Bucco,capensis,Bucconidae,Piciformes,54,54,0,0,0,unclear,0,2,2,0,1,0,1,0,0,0,0,0,0,0,0,0,0,0,0,NA,0,,Grabbing/gleaning,30,0,0,0,70,0,0,0,0,0,VertFishScav,0,0,50,50,0,0,0,0,0,0,NA,NA,NA,NA,0,NA,NA,1,NA,NA,0,NA,NA,1,NA,0,NA,NA,0
Bucorvus_abyssinicus_NHMUK_S2006.31.20_,Bucorvus,Bucorvus,abyssinicus,Bucorvidae,Bucerotiformes,Bucorvus,leadbeateri,Bucorvidae,Bucerotiformes,4000,4000,1,1,1,,1,0,2,0,1,1,0,0,0,0,0,0,0,0,0,0,0,0,0,NA,0,,Grabbing/gleaning,30,0,40,0,0,10,10,0,10,0,Omnivore,0,0,100,0,0,0,0,0,0,0,NA,NA,NA,NA,0,NA,NA,0,NA,NA,0,NA,NA,1,NA,0,NA,NA,0
Burhinus_senegalensis_FMNH_313704,Burhinus,Burhinus,senegalensis,Burhinidae, Charadriiformes,Burhinus,oedicnemus,Burhinidae, Charadriiformes,334.5,334.5,1,1,1,,1,0,0,0,0,1,0,0,0,0,0,0,0,0,0,0,0,0,0,NA,0,,Grabbing/gleaning,40,30,30,0,0,0,0,0,0,0,VertFishScav,0,20,80,0,0,0,0,0,0,0,0,0,0,0,0,0,0,0,0,0,0,0,0,0,0,0,1,1,0
Buteo_rufofuscus_NHMUK_1862.1.18.1,Buteo,Buteo,rufofuscus,Accipitridae,Accipitriformes,Buteo,jamaicensis,Accipitridae,Accipitriformes,972.5,1422.5,0,1,0,,1,2,2,0,1,1,0,0,0,0,0,1,0,1,1,0,0,0,0,NA,0,,Tearing,10,40,40,0,0,10,0,0,0,0,VertFishScav,0,0,40,30,20,10,0,0,0,1,0,1,0,1,0,0,0,1,0,0,0,0,0,1,1,0,0,1,0
Calandrella_cinerea_NHMUK_S1961.13.34,Calandrella,Calandrella,cinerea,Alaudidae,Passeriformes,Calandrella,brachydactyla,Alaudidae,Passeriformes,23,23,0,1,0,,1,2,0,0,1,1,0,0,0,0,0,0,0,0,0,0,0,0,0,NA,0,,Pecking/grazing,40,0,0,0,0,0,0,0,60,0,PlantSeed,0,0,100,0,0,0,0,0,0,0,NA,NA,NA,NA,0,NA,NA,0,NA,NA,0,NA,NA,1,NA,1,NA,NA,0
Calyptomena_viridis_NHMUK_s1969.1.70,Calyptomena,Calyptomena,viridis,Calyptomenidae,Passeriformes,Calyptomena,viridis,Calyptomenidae,Passeriformes,57.9,57.9,0,0,0,unclear,0,2,2,0,1,1,0,0,0,0,0,0,0,0,0,0,0,0,0,NA,0,,Grabbing/gleaning,30,0,0,0,0,0,70,0,0,0,FruiNect,0,0,10,50,40,0,0,0,0,0,NA,NA,NA,NA,0,NA,NA,0,NA,NA,0,NA,NA,1,NA,0,NA,NA,0
Capito_niger_FMNH_321049,Capito,Capito,niger,Capitonidae,Piciformes,Capito,niger,Capitonidae,Piciformes,54.5,54.5,0,0,0,unclear,0,2,2,2,1,1,0,0,0,0,0,0,0,0,0,0,0,0,0,NA,0,,Grabbing/gleaning,20,0,0,0,0,0,80,0,0,0,FruiNect,0,0,0,20,80,0,0,0,0,0,NA,NA,NA,NA,0,NA,NA,0,NA,NA,0,NA,NA,1,NA,0,NA,NA,0
Caprimulgus_macrurus_FMNH_392245,Caprimulgus,Caprimulgus,macrurus,Caprimulgidae, Caprimulgiformes,Caprimulgus,europaeus,Caprimulgidae, Caprimulgiformes,66.5,68.5,0,1,0,,1,0,0,0,1,1,0,0,0,0,0,0,0,0,0,0,0,0,0,NA,0,,Grabbing/gleaning,100,0,0,0,0,0,0,0,0,0,Invertebrate,0,0,40,50,0,0,10,0,0,0,0,0,0,0,0,0,0,1,0,1,1,1,1,1,1,0,1,1,0
Caracara_cheriway_UMMZ_133664,Caracara,Caracara,cheriway,Falconidae,Falconiformes,Caracara,,,,1106,1211,1,1,1,,1,0,2,0,1,1,0,0,0,0,0,1,1,1,1,0,0,0,0,NA,0,,Tearing,20,0,20,0,0,60,0,0,0,0,VertFishScav,0,0,100,0,0,0,0,0,0,1,0,1,0,1,0,0,0,0,0,0,0,0,1,1,1,1,0,0,0
Cariama_cristata_FMNH_105653,Cariama,Cariama,cristata,Cariamidae,Cariamiformes,Cariama,,,,1862.5,1862.5,1,1,1,,1,0,2,0,1,1,0,0,0,0,0,0,0,0,0,0,0,0,0,NA,0,,Grabbing/gleaning,60,10,10,0,0,0,10,0,0,10,Invertebrate,0,0,60,40,0,0,0,0,0,0,NA,NA,NA,NA,0,NA,NA,0,NA,NA,0,NA,NA,0,NA,0,NA,NA,0
Cathartes_burrovianus_UMMZ_227466,Cathartes,Cathartes,burrovianus,Cathartidae,Accipitriformes,Cathartes,,,,1185,1255,0,1,0,,1,0,0,0,1,1,0,0,0,0,0,0,0,0,1,0,0,0,0,NA,0,,Tearing,0,0,0,0,0,100,0,0,0,0,VertFishScav,0,0,100,0,0,0,0,0,0,1,0,1,0,1,0,0,0,0,0,0,0,0,0,1,1,1,0,1,0
Chaetura_brachyrua_UMMZ_157689,Chaetura†,Chaetura,pelagica,Apodidae,Apodiformes,Chaetura,,,,23.5,23.5,0,0,0,,0,2,2,0,0,1,0,0,1,1,0,0,0,0,0,0,0,0,0,NA,0,,Grabbing/gleaning,100,0,0,0,0,0,0,0,0,0,Invertebrate,0,0,0,0,10,0,90,0,0,0,NA,NA,NA,NA,0,NA,NA,0,NA,NA,1,NA,NA,1,NA,0,NA,NA,0
Charadris_vociferus_FMNH_470173,Charadrius,Charadris,vociferus,Charadriidae,Charadriiformes,Charadrius,hiaticula,Charadriidae,Charadriiformes,96.5,96.5,1,1,1,,1,0,0,0,0,1,0,0,0,0,0,0,0,0,0,0,2,1,0,NA,0,,Pecking/grazing,90,0,0,0,0,0,0,0,10,0,Invertebrate,0,0,100,0,0,0,0,0,0,0,0,0,0,0,0,0,0,0,0,0,0,0,0,0,0,1,0,1,0
Chauna_chavaria_OUMNH_23790,Chauna,Chauna,chavaria,Anhimidae,Anseriformes,Chauna,,,,2620,2620,1,1,0,,1,1,2,0,1,1,0,0,0,0,0,0,0,0,0,0,0,0,0,NA,0,,Pecking/grazing,0,0,0,0,0,0,0,0,0,100,PlantSeed,0,40,60,0,0,0,0,0,0,1,NA,NA,NA,NA,0,NA,NA,0,NA,NA,0,NA,NA,1,NA,0,NA,NA,0
Chelidoptera_tenebrosa_YPM_114404,Chelidoptera,Chelidoptera,tenebrosa,Bucconidae, Piciformes,Chelidoptera,,,,35.75,35.75,0,0,0,,1,2,0,0,1,1,0,0,0,0,0,0,0,0,0,0,0,0,0,NA,0,,Grabbing/gleaning,100,0,0,0,0,0,0,0,0,0,Invertebrate,0,0,0,0,30,30,40,0,0,0,NA,NA,NA,NA,0,NA,NA,1,NA,NA,0,NA,NA,1,NA,0,NA,NA,0
Chloropipio_holochlora_FMNH_288169,Cryptopipo,Chloropipio,holochlora,Pipridae,Passeriformes,Cryptopipo,holochlora,Pipridae,Passeriformes,17.5,17.5,0,0,0,unclear,0,2,2,0,1,1,0,0,0,0,0,0,0,0,0,0,0,0,0,NA,0,,Grabbing/gleaning,70,0,0,0,0,0,30,0,0,0,Invertebrate,0,0,0,50,50,0,0,0,0,0,NA,NA,NA,NA,0,NA,NA,0,NA,NA,0,NA,NA,1,NA,0,NA,NA,0
Choloroceryle_amazona_UMMZ_209261,Choloroceryle,Choloroceryle,amazona,Alcedinidae,Coraciiformes,Chloroceryle,,,,109.5,132.5,0,1,0,,1,2,0,0,1,1,0,0,0,0,0,0,0,0,0,0,1,0,0,NA,0,,Grabbing/gleaning,50,0,0,50,0,0,0,0,0,0,Omnivore,100,0,0,0,0,0,0,0,0,0,NA,NA,NA,NA,0,NA,NA,1,NA,NA,0,NA,NA,1,NA,0,NA,NA,0
Chordeiles_minor_UMMZ_233923,Chordeiles,Chordeiles,minor,Caprimulgidae,Caprimulgiformes,Chordeiles,,,,76.5,75,0,1,0,,1,2,2,0,1,1,0,0,0,0,0,0,0,0,0,0,0,0,0,NA,0,,Grabbing/gleaning,100,0,0,0,0,0,0,0,0,0,Invertebrate,0,0,0,10,0,0,90,0,0,0,NA,NA,NA,NA,0,NA,NA,1,NA,NA,1,NA,NA,1,NA,1,NA,NA,0
Choriotis_kori_UMMZ_210444,Ardeotis,Choriotis,kori,Otididae,Otidiformes,Ardeotis,,,,14950,5900,1,1,1,,1,0,0,0,0,1,0,0,0,0,0,0,0,0,0,0,0,0,0,NA,0,,Grabbing/gleaning,20,10,10,0,0,0,20,0,20,20,Omnivore,0,0,90,10,0,0,0,0,0,0,NA,NA,NA,NA,0,NA,NA,0,NA,NA,0,NA,NA,0,NA,0,NA,NA,0
Chunga_burmeisteri_FMNH_106731,Chunga,Chunga,burmeisteri,Cariamidae,Cariamiformes,Chunga,,,,1200,1200,1,1,1,,1,0,2,0,1,1,0,0,0,0,0,0,0,0,0,0,0,0,0,NA,0,,Pecking/grazing,30,30,0,0,0,0,0,0,10,30,Omnivore,0,0,60,40,0,0,0,0,0,0,NA,NA,NA,NA,0,NA,NA,0,NA,NA,0,NA,NA,1,NA,0,NA,NA,0
Climacteris_melanura_UMMZ_214303,Climacteris,Climacteris,melanura,Climacteridae,Passeriformes,Climacteris,,,,32,32,0,1,0,,1,2,2,2,1,1,0,0,0,1,1,0,0,0,0,0,0,0,0,NA,0,,Grabbing/gleaning,90,0,0,0,0,0,0,10,0,0,Invertebrate,0,0,10,10,80,0,0,0,0,0,NA,NA,NA,NA,0,NA,NA,0,NA,NA,0,NA,NA,1,NA,0,NA,NA,0
Colinus_virginianus_FMNH_105065,Colinus,Colinus,virginianus,Odontophoridae,Galliformes,Colinus,cristatus,Odontophoridae,Galliformes,188.5,193,1,1,1,,1,0,0,0,1,1,0,0,0,0,0,0,0,0,0,0,0,0,0,NA,0,,Pecking/grazing,0,0,0,0,0,0,0,0,70,30,PlantSeed,0,0,100,0,0,0,0,0,0,0,0,0,0,0,0,0,0,0,0,0,0,0,0,1,1,0,0,0,1
Colius_macrourus_FMNH_368959_,Urocolius,Urocolius,macrourus,Coliidae,Coliiformes,Urocolius,indicus,Coliidae,Coliiformes,49.5,49.5,0,1,0,,1,2,2,2,1,1,1,1,1,1,0,0,0,0,0,0,0,0,0,NA,0,,Grabbing/gleaning,0,0,0,0,0,0,70,0,0,30,FruiNect,0,0,0,50,50,0,0,0,0,0,NA,NA,NA,NA,0,NA,NA,0,NA,NA,0,NA,NA,1,NA,0,NA,NA,0
Colius_striatus_FMNH_384817,Colius,Colius,striatus,Coliidae,Coliiformes,Colius,colius,Coliidae,Coliiformes,52.5,52.5,0,1,0,,1,2,2,2,1,1,1,1,1,1,0,0,0,0,0,0,0,0,0,NA,0,,Cracking/biting,0,0,0,0,0,0,70,10,0,20,FruiNect,0,0,20,20,50,10,0,0,0,0,NA,NA,NA,NA,0,NA,NA,0,NA,NA,0,NA,NA,1,NA,0,NA,NA,0
Columba_palumbus_UMZC_409A_,Columba,Columba,palumbus,Columbidae,Columbiformes,Columba,livia,Columbidae,Columbiformes,487,487,0,1,0,,1,1,2,0,1,1,0,0,0,0,0,0,0,0,0,0,0,0,0,NA,0,,Grabbing/gleaning,0,0,0,0,0,0,30,0,30,40,PlantSeed,0,0,80,20,0,0,0,0,0,0,0,0,0,0,0,0,0,0,0,0,0,0,0,1,1,1,0,1,0
Columbina_minuta_FMNH_289160,Columbina,Columbina,minutas,Columbidae, Columbiformes,Columbina,minutas,Columbidae, Columbiformes,34.1,34.1,1,1,0,,1,0,2,0,1,1,0,0,0,0,0,0,0,0,0,0,0,0,0,NA,0,,Pecking/grazing,0,0,0,0,0,0,0,0,100,0,PlantSeed,0,0,100,0,0,0,0,0,0,0,NA,NA,NA,NA,0,NA,NA,0,NA,NA,0,NA,NA,1,NA,0,NA,NA,0
Coracias_benghalensis_NHMUK_S1987.19.15,Coracias,Coracias,benghalensis,Coraciidae,Coraciiformes,Coracias,cyanogaster,Coraciidae,Coraciiformes,171,171,0,1,0,unclear,1,2,2,2,1,1,0,0,0,0,0,0,0,0,0,0,0,0,0,NA,0,,Grabbing/gleaning,50,20,30,0,0,0,0,0,0,0,Omnivore,0,0,80,10,10,0,0,0,0,0,0,0,0,0,0,0,0,0,0,1,0,0,1,1,1,0,1,1,0
Corvus_brachyrhynchos_FMNH_441515_,Corvus,Corvus,brachyrhynchos,Corvidae,Passeriformes,Corvus,albus,Corvidae,Passeriformes,412.5,412.5,0,1,0,,1,1,2,1,1,1,0,0,0,0,0,0,0,0,1,0,0,0,0,NA,0,,Tearing,20,10,10,10,0,20,20,0,10,0,Omnivore,0,0,80,20,0,0,0,0,0,0,0,1,0,1,0,0,0,0,0,1,0,0,1,1,1,1,0,1,0
Corythaeota_cristata_FMNH_313066,Corythaeola,Corythaeola,cristata,Musophagidae,Musophagiformes,Corythaeola,cristata,Musophagidae,Musophagiformes,903,1026.5,0,1,0,unclear,0,2,2,0,1,1,1,0,0,0,0,0,0,0,0,0,0,0,0,NA,0,,Grabbing/gleaning,10,0,0,0,0,0,60,0,0,30,FruiNect,0,0,0,30,50,20,0,0,0,0,NA,NA,NA,NA,0,NA,NA,0,NA,NA,0,NA,NA,1,NA,0,NA,NA,0
Crax_mitu_FMNH_320386,Crax,Crax,mitu, Cracidae,Galliformes,Crax,alector, Cracidae,Galliformes,2960,2745,1,1,1,,1,0,2,0,1,1,0,0,0,0,0,0,0,0,0,0,0,0,0,NA,0,,Cracking/biting,0,0,0,0,0,0,100,0,0,0,FruiNect,0,0,100,0,0,0,0,0,0,0,NA,NA,NA,NA,0,NA,NA,0,NA,NA,0,NA,NA,1,NA,0,NA,NA,1
Crypturellus_tataupa_UMMZ_201948,Crypturellus,Crypturellus,tataupa,Tinamidae,Tinamiformes,Crypturellus,tataupa,Tinamidae,Tinamiformes,199,243.5,1,1,1,,1,0,0,0,0,1,0,0,0,0,0,0,0,0,0,0,0,0,0,NA,0,,Pecking/grazing,50,0,0,0,0,0,0,0,30,20,Omnivore,0,0,50,50,0,0,0,0,0,0,NA,NA,NA,NA,0,NA,NA,0,NA,NA,0,NA,NA,1,NA,0,NA,NA,1
Cuculus_fugax_FMNH_357420,Cuculus,Cuculus,fugax,Cuculidae,Cuculiformes,Cuculus,optatus,Cuculidae,Cuculiformes,69.25,69.25,0,0,0,unclear,0,2,2,0,1,0,1,0,0,0,0,0,0,0,0,0,0,0,0,NA,0,,Grabbing/gleaning,80,0,0,0,0,0,20,0,0,0,Invertebrate,0,0,0,100,0,0,0,0,0,0,0,0,0,0,0,0,0,0,0,0,0,0,0,1,1,0,1,1,0
Dendrocygna_bicolor_UMMZ_219885_,Dendrocygna,Dendrocygna,bicolor,Anatidae, Anseriformes,Dendrocygna,viduata,Anatidae, Anseriformes,745,750,0,1,0,,1,0,0,0,0,1,0,0,0,0,0,0,0,0,0,0,2,1,2,0,1,foot,Pecking/grazing,0,0,0,0,0,0,20,0,20,60,PlantSeed,20,80,0,0,0,0,0,0,0,0,NA,NA,NA,NA,0,NA,NA,0,NA,NA,0,NA,NA,0,NA,1,NA,NA,0
Deroptyus_accipitrinus_NHMUK_S2002.14.2,Deroptyus,Deroptyus,accipitrinus,Psittacidae,Psittaciformes,Deroptyus,accipitrinus,Psittacidae,Psittaciformes,245,245,0,1,0,,1,2,2,0,1,0,1,0,0,1,0,0,1,1,1,0,0,0,0,NA,0,,Cracking/biting,0,0,0,0,0,0,40,0,20,40,PlantSeed,0,0,0,30,40,30,0,0,0,0,NA,NA,NA,NA,0,NA,NA,0,NA,NA,0,NA,NA,1,NA,0,NA,NA,0
Diomedea_irrorata_NHMUK_S1963.28.4,Diomedea,Diomedea,irrorata,Diomedeidae,Procellariiformes,Phoebastria,,,,3750,3040,0,1,0,,1,0,0,0,0,1,0,0,0,0,0,0,0,0,0,0,2,1,2,0,0,,Grabbing/gleaning,60,0,0,40,0,0,0,0,0,0,Invertebrate,0,100,0,0,0,0,0,1,1,0,1,1,0,0,0,0,1,0,0,0,0,0,0,0,0,1,1,1,0
Elaenia_flavogaster_FMNH_394495,Elaenia,Elaenia,flavogaster,Tyrannidae, Passeriformes,Elaenia,flavogaster,Tyrannidae, Passeriformes,25,25,0,1,0,unclear,0,2,2,0,1,1,0,0,0,0,0,0,0,0,0,0,0,0,0,NA,0,,Grabbing/gleaning,50,0,0,0,0,0,50,0,0,0,Omnivore,0,0,0,20,40,30,10,0,0,0,NA,NA,NA,NA,0,NA,NA,1,NA,NA,0,NA,NA,1,NA,0,NA,NA,0
Elanus_caerulenus_NHMUK_1850.8.15.159,Elanus,Elanus,caerulenus,Accipitridae,Accipitriformes,Elanus,,,,237,281,0,1,0,,1,2,2,0,1,1,1,0,0,0,0,1,0,1,1,0,0,0,0,NA,0,,Tearing,20,60,20,0,0,0,0,0,0,0,VertFishScav,0,0,100,0,0,0,0,0,0,1,NA,NA,NA,NA,0,NA,NA,0,NA,NA,0,NA,NA,0,NA,0,NA,NA,0
Eudromia_elegans_UMMZ_156966,Eudromia,Eudromia,elegans, Tinamidae, Tinamiformes,Eudromia,elegans, Tinamidae, Tinamiformes,647,647,1,1,1,,1,0,0,2,1,1,0,0,0,0,0,0,0,0,0,0,0,0,0,NA,0,,Pecking/grazing,30,0,0,0,0,0,0,0,40,30,PlantSeed,0,0,80,20,0,0,0,0,0,0,NA,NA,NA,NA,0,NA,NA,0,NA,NA,0,NA,NA,0,NA,0,NA,NA,1
Eurypyga_helias_FMNH_317341,Eurypyga,Eurypyga,helias,Eurypygidae,Eurypygiformes,Eurypyga,helias,Eurypygidae,Eurypygiformes,241.75,241.75,1,1,0,,1,0,2,0,0,1,0,0,0,0,0,0,0,0,0,0,0,0,0,NA,0,,Grabbing/gleaning,40,0,30,30,0,0,0,0,0,0,VertFishScav,0,50,50,0,0,0,0,0,0,0,NA,NA,NA,NA,0,NA,NA,0,NA,NA,0,NA,NA,1,NA,0,NA,NA,0
Falco_sparverius_UMMZ_154462,Falco,Falco,sparverius,Falconidae,Falconiformes,Falco,,,,111.5,124.5,0,1,0,,1,2,2,0,1,1,0,0,0,0,0,1,0,1,1,0,0,0,0,NA,0,,Tearing,60,20,20,0,0,0,0,0,0,0,Invertebrate,0,0,50,40,10,0,0,0,0,1,NA,NA,NA,NA,0,0,0,1,0,1,1,0,1,1,1,1,0,1,0
Fregata_aquila_NHMUK_1890.11.3.3,Fregata,Fregata,aquila,Fregatidae,Suliformes,Fregata,,,,1250,1250,0,0,0,,0,2,2,0,1,1,0,0,0,0,0,0,0,0,0,0,0,0,2,1,0,,Grabbing/gleaning,0,10,10,80,0,0,0,0,0,0,VertFishScav,20,80,0,0,0,0,0,1,1,0,0,1,0,1,0,0,0,0,0,0,1,0,1,0,0,0,0,0,0
Fringilla_coelebs_OUMNH_24647,Fringilla,Fringilla,coelebs,Fringillidae,Passeriformes,Fringilla,coelebs,Fringillidae,Passeriformes,23,23,0,1,0,,1,2,2,2,1,1,0,0,0,0,0,0,0,0,0,0,0,0,0,NA,0,,Pecking/grazing,60,0,0,0,0,0,0,0,20,20,Invertebrate,0,0,40,30,30,0,0,0,0,0,0,0,0,0,0,0,0,1,0,1,0,0,0,1,1,1,0,1,0
Galbula_dea_FMNH_376705_ALL_,Galbula,Galbula,dea,Galbulidae, Piciformes,Galbula,dea,Galbulidae, Piciformes,28.75,28.75,0,0,0,unclear,0,2,2,0,1,0,1,0,0,0,0,0,0,0,0,0,0,0,0,NA,0,,Grabbing/gleaning,100,0,0,0,0,0,0,0,0,0,Invertebrate,0,0,0,20,20,60,0,0,0,0,NA,NA,NA,NA,0,NA,NA,1,NA,NA,0,NA,NA,1,NA,0,NA,NA,0
Gavia_stellata_NHMUK 1891.7.20.132,Gavia,Gavia,stellata,Gaviidae,Gaviiformes,Gavia,,,,1724,1724,0,0,0,,0,0,0,0,0,1,0,0,0,0,0,0,0,0,0,0,2,1,2,0,1,foot,Grabbing/gleaning,10,0,0,90,0,0,0,0,0,0,VertFishScav,0,100,0,0,0,0,0,0,0,0,0,0,0,0,0,1,1,0,0,0,0,0,0,0,0,1,0,1,0
Glareola_pratincola_FMNH_368875,Glareola,Glareola,pratincola, Glareolidae, Charadriiformes,Glareola,nuchali, Glareolidae, Charadriiformes,79,79,1,1,0,,1,0,0,0,0,1,0,0,0,0,0,0,0,0,0,0,2,1,0,NA,0,,Grabbing/gleaning,100,0,0,0,0,0,0,0,0,0,Invertebrate,0,0,33,33,33,0,0,0,0,0,0,1,0,0,0,0,0,0,0,0,1,1,1,0,0,1,0,1,0
Grus_leucogeranus_UMZC_344D,Grus†,Grus,leucogeranus,Gruidae,Gruiformes,Grus,,,,6760,6760,1,1,0,,1,0,0,0,0,1,0,0,0,0,0,0,0,0,0,0,0,0,0,NA,0,,Probing,10,10,0,10,10,0,0,0,10,50,PlantSeed,0,50,50,0,0,0,0,0,0,1,0,1,0,1,0,0,0,0,0,0,0,0,0,1,1,1,1,1,0
Haematopus_ostralegus_FMNH_363899,Haematopus,Haematopus,ostralegus,Haematopodidae,Charadriiformes,Haematopus,palliatus,Haematopodidae,Charadriiformes,615,632.5,0,1,1,,1,0,0,0,0,1,0,0,0,0,0,0,0,0,0,0,0,0,0,NA,0,,Probing,90,0,0,10,0,0,0,0,0,0,Invertebrate,0,40,60,0,0,0,0,0,0,0,0,0,0,0,0,0,0,0,0,0,0,0,0,0,0,1,0,1,0
Hemiprocne_comata_UMMZ_158224,Hemiprocne,Hemiprocne,comata,Hemiprocnidae,Apodiformes,Hemiprocne,comata,Hemiprocnidae,Apodiformes,21.35,23.1,0,0,0,unclear,0,2,2,0,1,1,0,0,0,0,0,0,0,0,0,0,0,0,0,NA,0,,Grabbing/gleaning,100,0,0,0,0,0,0,0,0,0,Invertebrate,0,0,0,0,0,20,80,0,0,0,NA,NA,NA,NA,0,NA,NA,1,NA,NA,1,NA,NA,1,NA,0,NA,NA,0
Hirundinea_bellicosa_UMMZ_200850,Hirundinea,Hirundinea,bellicosa,Tyrannidae,Passeriformes,Hirundinea,,,,31.6,31.6,0,0,0,unclear,0,2,2,0,1,1,0,0,0,0,0,0,0,0,0,0,0,0,0,NA,0,,Grabbing/gleaning,100,0,0,0,0,0,0,0,0,0,Invertebrate,0,0,0,33,33,33,0,0,0,0,NA,NA,NA,NA,0,NA,NA,1,NA,NA,0,NA,NA,1,NA,1,NA,NA,0
Hymenops_persipicillata_UMMZ_158790,Hymenops,Hymenops,persipicillata,Tyrannidae,Passeriformes,Hymenops,,,,20.2,20,0,1,0,,1,1,0,1,1,1,0,0,0,0,0,0,0,0,0,0,0,0,0,NA,0,,Pecking/grazing,100,0,0,0,0,0,0,0,0,0,Invertebrate,0,0,100,0,0,0,0,0,0,0,NA,NA,NA,NA,0,NA,NA,1,NA,NA,0,NA,NA,1,NA,1,NA,NA,0
Indicator_exilis_FMNH_429726,Indicator,Indicator,exilis, Indicatoridae, Piciformes,Indicator,exilis, Indicatoridae, Piciformes,17.5,17.5,0,1,0,unclear,0,2,2,0,1,0,1,0,0,1,1,0,0,0,0,0,0,0,0,NA,0,,Pecking/grazing,30,0,0,0,0,0,20,50,0,0,FruiNect,0,0,0,50,50,0,0,0,0,0,NA,NA,NA,NA,0,NA,NA,1,NA,NA,0,NA,NA,1,NA,0,NA,NA,0
Ixobrychus_minutus_NHMUK_S_2007_61.1_,Ixobrychus,Ixobrychus,minutus,Ardeidae, Pelecaniformes,Ixobrychus,minutus,Ardeidae, Pelecaniformes,104.5,104.5,1,1,0,,1,0,0,0,1,1,0,0,0,1,0,0,0,0,0,0,0,0,0,NA,0,,Grabbing/gleaning,70,0,0,0,30,0,0,0,0,0,Invertebrate,0,50,50,0,0,0,0,0,0,0,NA,NA,NA,NA,0,NA,NA,0,NA,NA,0,NA,NA,1,NA,1,NA,NA,0
Jacana_jacana_NHMUK_S_1990.2.5,Jacana,Jacana,jacana,Jacanidae,Charadriiformes,Jacana,jacana,Jacanidae,Charadriiformes,99.5,140,1,1,1,,1,0,0,0,0,1,0,0,0,0,0,0,0,0,0,0,0,0,0,NA,0,,Grabbing/gleaning,60,0,0,0,0,0,0,0,30,10,Invertebrate,0,50,50,0,0,0,0,0,0,0,NA,NA,NA,NA,0,NA,NA,0,NA,NA,0,NA,NA,0,NA,1,NA,NA,0
Jynx_torquilla_NHMUK_s1986.36.10,Jynx,Jynx,torquilla,Picidae,Piciformes,Jynx,torquilla,Picidae,Piciformes,40,40,0,1,0,unclear,0,2,2,2,1,0,1,0,0,1,1,0,0,0,0,0,0,0,0,NA,0,,Grabbing/gleaning,100,0,0,0,0,0,0,0,0,0,Invertebrate,0,0,60,20,20,0,0,0,0,0,0,0,0,0,0,0,0,1,0,0,0,0,0,1,1,1,0,1,0
Larus_novae-hollandiae_UMZC_274.C_,Chroicocephalus,Larus,novaehollandiae,Laridae,Charadriiformes,Chroicocephalus,cirrocephalus,Laridae,Charadriiformes,312.5,312.5,0,1,0,,1,0,0,0,0,1,0,0,0,0,0,0,0,0,0,0,2,1,2,0,0,,Grabbing/gleaning,20,0,0,20,0,20,20,0,20,0,Omnivore,0,50,50,0,0,0,0,0,1,0,0,1,0,1,0,0,1,0,0,0,0,0,1,0,0,1,0,1,0
Leptoptilos_crumeniferus_NHMUK_S_1952.3.182,Leptoptilos,Leptoptilos,crumeniferus,Ciconiidae,Ciconiiformes,Leptoptilos,crumeniferus,Ciconiidae,Ciconiiformes,6450,6450,1,1,0,,1,0,2,0,1,1,0,0,0,0,0,0,0,0,0,0,0,0,0,NA,0,,Grabbing/gleaning,10,20,10,10,0,50,0,0,0,0,VertFishScav,0,40,60,0,0,0,0,0,0,1,0,1,0,1,0,0,0,0,0,0,0,0,0,0,0,0,1,1,0
Leptotila_rufazilla_FMNH_318659,Leptotila,Leptotila,rufaxilla,Columbidae,Columbiformes,Leptotila,rufaxilla,Columbidae,Columbiformes,149,149,0,1,0,,1,2,2,0,1,1,0,0,0,0,0,0,0,0,0,0,0,0,0,NA,0,,Pecking/grazing,10,0,0,0,0,0,10,0,80,0,PlantSeed,0,0,100,0,0,0,0,0,0,0,NA,NA,NA,NA,0,NA,NA,0,NA,NA,0,NA,NA,1,NA,0,NA,NA,0
Limosa_lapponica_NHMUK_S_1994.46,Limosa,Limosa,lapponica,Scolopacidae,Charadriiformes,Limosa,lapponica,Scolopacidae,Charadriiformes,295,446,1,1,1,,1,0,0,0,0,1,0,0,0,0,0,0,0,0,0,0,2,1,0,NA,0,,Probing,80,0,0,0,0,0,10,0,10,0,Invertebrate,0,50,50,0,0,0,0,0,0,0,0,0,0,0,0,0,0,0,0,0,0,0,0,0,0,1,1,1,0
Malurus_melanocephalus_UMMZ_224775,Malurus,Malurus,melanocephalus,Maluridae,Passeriformes,Malurus,,,,7,7,0,1,0,,1,2,2,2,1,1,0,0,0,0,0,0,0,0,0,0,0,0,0,NA,0,,Pecking/grazing,90,0,0,0,0,0,0,0,10,0,Invertebrate,0,0,70,30,0,0,0,0,0,0,NA,NA,NA,NA,0,NA,NA,1,NA,NA,0,NA,NA,1,NA,0,NA,NA,0
Megalaima_chrysopogon_NHMUK_1850.8.15.28,Megalaima,Megalaima,chrysopogon,Megalaimidae,Piciformes,Megalaima,,,,162.5,162.5,0,0,0,,0,2,2,0,1,1,0,0,0,0,0,0,0,0,0,0,0,0,0,NA,0,,Pecking/grazing,40,0,0,0,0,0,60,0,0,0,FruiNect,0,0,0,0,20,80,0,0,0,0,NA,NA,NA,NA,0,NA,NA,0,NA,NA,0,NA,NA,1,NA,0,NA,NA,0
Melanopareia_torquata_FMNH_335140,Melanopareia,Melanopareia,torquata,Melanopareiidae, Passeriformes,Melanopareia,maximiliani,Melanopareiidae, Passeriformes,19.5,18.5,0,0,0,unclear,0,2,2,2,1,1,0,0,0,0,0,0,0,0,0,0,0,0,0,NA,0,,Grabbing/gleaning,100,0,0,0,0,0,0,0,0,0,Invertebrate,0,0,60,40,0,0,0,0,0,0,NA,NA,NA,NA,0,NA,NA,0,NA,NA,0,NA,NA,1,NA,0,NA,NA,0
Menura_novaehollandiae_FMNH_336751,Menura,Menura,novaehollandiae,Menuridae,Passeriformes,Menura,novaehollandiae,Menuridae,Passeriformes,1100,890,0,1,0,,1,0,2,0,1,1,0,0,0,0,0,0,0,0,0,0,0,0,0,NA,0,,Pecking/grazing,80,0,10,0,0,0,0,0,10,0,Invertebrate,0,0,100,0,0,0,0,0,0,0,NA,NA,NA,NA,0,NA,NA,0,NA,NA,0,NA,NA,1,NA,0,NA,NA,0
Micrastur_ruficollis_FMNH_330226,Micrastur,Micrastur,ruficollis,Falconidae,Falconiformes,Micrastur,gilvicollis,Falconidae,Falconiformes,164,261,0,1,0,,1,2,2,0,1,1,0,0,0,0,0,1,0,1,1,0,0,0,0,NA,0,,Tearing,0,20,80,0,0,0,0,0,0,0,VertFishScav,0,0,40,30,30,0,0,0,0,0,NA,NA,NA,NA,0,NA,NA,1,NA,NA,0,NA,NA,1,NA,0,NA,NA,0
Momotus_momota_NHMUK_S_2105.23,Momotus,Momotus,momota,Momotidae,Coraciiformes,Momotus,,,,140,140,0,1,0,,1,2,0,0,1,1,0,0,0,0,0,0,0,0,0,0,0,0,0,NA,0,,Grabbing/gleaning,50,10,10,0,0,0,30,0,0,0,Omnivore,0,0,30,30,30,10,0,0,0,0,NA,NA,NA,NA,0,NA,NA,1,NA,NA,0,NA,NA,1,NA,0,NA,NA,0
Monias_benschi_NHMUK_1924.11.29.1,Monias,Monias,benschi,Mesitornithidae,Mesitornithiformes,Monias,,,,140,140,1,1,0,,1,1,2,0,1,1,0,0,0,0,0,0,0,0,0,0,0,0,0,NA,0,,Pecking/grazing,80,0,0,0,0,0,10,0,10,0,Invertebrate,0,0,100,0,0,0,0,0,0,0,NA,NA,NA,NA,0,NA,NA,0,NA,NA,0,NA,NA,1,NA,0,NA,NA,0
Myiobius_varbatus_FMNH_386812,Myiobius,Myiobius,barbatus,Tyrannidae,Passeriformes,Myiobius,,,,11,11,0,0,0,unclear,0,2,2,0,1,1,0,0,0,0,0,0,0,0,0,0,0,0,0,NA,0,,Grabbing/gleaning,100,0,0,0,0,0,0,0,0,0,Invertebrate,0,0,0,30,70,0,0,0,0,0,NA,NA,NA,NA,0,NA,NA,1,NA,NA,0,NA,NA,1,NA,0,NA,NA,0
Myrmornis_torquata_YPM_106157,Myrmornis,Myrmornis,torquata,Thamnophilidae,Passeriformes,Myrmornis,,,,45,45,0,1,0,,1,0,2,0,1,1,0,0,0,0,0,0,0,0,0,0,0,0,0,NA,0,,Pecking/grazing,100,0,0,0,0,0,0,0,0,0,Invertebrate,0,0,100,0,0,0,0,0,0,0,NA,NA,NA,NA,0,NA,NA,0,NA,NA,0,NA,NA,1,NA,0,NA,NA,0
Myrmothera_campanisona_FMNH_322348,Myrmothera,Myrmothera,campanisona,Grallariidae,Passeriformes,Myrmothera,campanisona,Grallariidae,Passeriformes,46.75,53,1,1,0,,1,0,2,2,1,1,0,0,0,0,0,0,0,0,0,0,0,0,0,NA,0,,Pecking/grazing,100,0,0,0,0,0,0,0,0,0,Invertebrate,0,0,100,0,0,0,0,0,0,0,NA,NA,NA,NA,0,NA,NA,0,NA,NA,0,NA,NA,1,NA,0,NA,NA,0
Neodrepanis_coruscans_FMNH_363807,Neodrepanis,Neodrepanis,coruscans,Eurylaimidae,Passeriformes,Neodrepanis,coruscans,Eurylaimidae,Passeriformes,25,25,0,0,0,unclear,0,2,2,0,1,1,0,0,0,0,0,0,0,0,0,0,0,0,0,NA,0,,Probing,20,0,0,0,0,0,0,80,0,0,FruiNect,0,0,0,0,40,60,0,0,0,0,NA,NA,NA,NA,0,NA,NA,1,NA,NA,0,NA,NA,1,NA,0,NA,NA,0
Numida_meleagris_FMNH_390428,Numida,Numida,meleagris,Numididae,Galliformes,Numida,meleagris,Numididae,Galliformes,1480.5,1479,1,1,1,,1,0,0,0,1,1,0,0,0,0,0,0,0,0,0,0,0,0,0,NA,0,,Pecking/grazing,30,0,0,0,0,0,10,0,20,40,PlantSeed,0,0,100,0,0,0,0,0,0,0,NA,NA,NA,NA,0,NA,NA,0,NA,NA,0,NA,NA,1,NA,0,NA,NA,1
Nyctibius_griseus_UMMZ_136371,Nyctibus,Nyctibius,griseus,Nyctibiidae,Caprimulgiformes,Nyctibius,,,,173.5,173.5,0,0,0,,0,2,2,0,1,1,0,0,0,0,0,0,0,0,0,0,0,0,0,NA,0,,Grabbing/gleaning,100,0,0,0,0,0,0,0,0,0,Invertebrate,0,0,0,0,90,0,10,0,0,0,NA,NA,NA,NA,0,NA,NA,1,NA,NA,0,NA,NA,1,NA,1,NA,NA,0
Oceanodroma_leucorhoa_NHMUK_S1953.3.10,Oceanodroma,Oceanodroma,leucorhoa,Hydrobatidae,Procellariiformes,Oceanodroma,,,,46,46,0,1,0,,1,0,0,0,0,1,0,0,0,0,0,0,0,0,0,0,2,1,2,0,0,,Grabbing/gleaning,50,0,0,30,0,20,0,0,0,0,Omnivore,20,80,0,0,0,0,0,1,1,0,0,1,0,0,0,0,0,0,0,0,0,0,0,0,0,1,1,1,0
Odontophorous_guttatus_UMMZ_210631,Odontophorous,Odontophorous,guttatus, Odontophoridae, Galliformes,Odontophorus,,,,314,294,1,1,1,,1,0,0,0,0,1,0,0,0,0,0,0,0,0,0,0,0,0,0,NA,0,,Pecking/grazing,20,0,0,0,0,0,0,0,30,50,PlantSeed,0,0,100,0,0,0,0,0,0,0,NA,NA,NA,NA,0,NA,NA,0,NA,NA,0,NA,NA,1,NA,0,NA,NA,1
Opisthocomus_hoazin_NHMUK_S1961.6.1,Opisthocomus†,Opisthocomus,hoazin,Opisthocomidae,Opisthocomiformes,Opisthocomus,,,,797.5,797.5,0,1,0,,1,2,2,0,1,1,0,0,0,0,0,0,0,0,0,0,2,0,0,NA,1,foot and wing,Grabbing/gleaning,0,0,0,0,0,0,0,0,0,100,PlantSeed,0,0,0,20,80,0,0,0,0,0,NA,NA,NA,NA,0,NA,NA,0,NA,NA,0,NA,NA,1,NA,0,NA,NA,0
Ortalis_ruficauda_UMMZ_155489,Ortalis,Ortalis,ruficauda,Cracidae,Galliformes,Ortalis,,,,615,615,0,1,1,,1,1,2,0,1,1,0,0,0,0,0,0,0,0,0,0,0,0,0,NA,0,,Cracking/biting,0,0,0,0,0,0,60,0,0,40,FruiNect,0,0,20,0,40,40,0,0,0,0,NA,NA,NA,NA,0,NA,NA,0,NA,NA,0,NA,NA,1,NA,0,NA,NA,1
Pandion_haliaetus_FMNH_437336,Pandion†,Pandion,haliaetus,Pandionidae,Accipitriformes,Pandion,,,,1395,1625,0,1,0,,1,2,2,0,1,1,1,0,0,0,0,1,1,1,1,0,1,0,0,NA,0,,Tearing,0,0,0,100,0,0,0,0,0,0,VertFishScav,40,60,0,0,0,0,0,0,1,1,NA,NA,NA,NA,0,NA,NA,0,NA,NA,0,NA,NA,1,NA,1,NA,NA,0
Pedionomus_torquatus_NHMUK_A1970.12.1,Pedionomus,Pedionomus,torquatus,Pedionomidae,Charadriiformes,Pedionomus,,,,58.5,76,1,1,1,,1,0,0,0,0,1,0,0,0,0,0,0,0,0,0,0,0,0,0,NA,0,,Pecking/grazing,50,0,0,0,0,0,0,0,30,20,Omnivore,0,0,100,0,0,0,0,0,0,0,NA,NA,NA,NA,0,NA,NA,0,NA,NA,0,NA,NA,0,NA,0,NA,NA,0
Pelagodroma_marina_NHMUK_1895.7.1.163_ALL,Pelagodroma,Pelagodroma,marina,Oceanitidae, Procellariiformes,Pelagodroma,marina,Oceanitidae, Procellariiformes,54,54,0,1,0,,1,0,0,0,0,1,0,0,0,0,0,0,0,0,0,0,2,1,2,0,0,"""Exceptionally dives (but perhaps only to flee perceived predators)"" [HBW, and some article I can't find]",Grabbing/gleaning,60,0,0,40,0,0,0,0,0,0,Invertebrate,20,80,0,0,0,0,0,1,1,0,0,1,0,0,0,0,0,0,0,0,0,0,0,0,0,1,0,1,0
Pelecanoides_urinatrix_NHMUK_S2006.1.14,Pelecanoides,Pelecanoides,urinatrix†,Procellariidae,Procellariiformes,Pelecanoides,urinatrix†,Procellariidae,Procellariiformes,135.5,135.5,0,1,0,,1,0,0,0,0,1,0,0,0,0,0,0,0,0,0,0,2,1,2,0,0,,Grabbing/gleaning,100,0,0,0,0,0,0,0,0,0,Invertebrate,80,20,0,0,0,0,0,1,0,0,0,0,0,0,1,1,1,0,0,0,0,0,0,0,0,1,0,0,0
Pelecanus_occidentalis_NHMUK_S1973.66.16,Pelecanus,Pelecanus,occidentalis,Pelecanidae,Pelecaniformes,Pelecanus,occidentalis,Pelecanidae,Pelecaniformes,3500,3500,0,1,0,,1,0,0,0,0,1,0,0,0,0,0,0,0,0,0,0,2,1,2,1,0,,Grabbing/gleaning,10,0,0,80,0,10,0,0,0,0,VertFishScav,100,0,0,0,0,0,0,0,1,0,0,1,0,1,0,1,1,0,0,0,0,0,0,0,0,1,0,1,0
Phaethon_lepturus_NHMUK_1876.3.16.3,Phaethon,Phaethon,lepturus, Phaethontidae,Phaethontiformes,Phaethon,,,,315,315,0,0,0,,0,0,0,0,0,1,0,0,0,0,0,0,0,0,0,0,1,0,2,1,0,"birds of NA: ""Despite webbing of 4 toes on feet, does not swim. Plunges from air to catch prey, but does not swim underwater.""",Grabbing/gleaning,30,0,0,70,0,0,0,0,0,0,VertFishScav,80,20,0,0,0,0,0,1,1,0,0,1,0,1,0,1,1,0,0,0,1,0,1,0,0,1,0,0,0
Phalacrocorax_albiventer_NHMUK_S_2012.36.1,Phalacrocorax,Phalacrocorax,albiventer,Phalacrocoracidae,Suliformes,Phalacrocorax,,,,2722.5,2243.5,0,1,0,,1,0,0,0,0,1,0,0,0,0,0,0,0,0,0,0,2,1,2,1,1,ventral foot push,Grabbing/gleaning,50,0,0,50,0,0,0,0,0,0,Omnivore,100,0,0,0,0,0,0,1,1,1,0,1,0,1,0,1,1,0,0,0,0,0,0,0,0,1,0,1,0
Phoenicopterus_roseus_UMZC_346B_ALL,Phoenicopterus†,Phoenicopterus,roseus,Phoenicopteridae,Phoenicopteriformes,Phoenicopterus,,,,3100,3100,1,1,0,,1,0,0,0,0,1,0,0,0,0,0,0,0,0,0,0,0,0,2,0,0,,Probing,50,0,0,10,0,0,0,0,20,20,Omnivore,0,100,0,0,0,0,0,0,0,0,0,0,0,0,0,0,0,0,0,0,0,0,0,0,0,1,0,1,0
Phoeniculus_purpureus_FMNH_368956,Phoeniculus,Phoeniculus,purpureus,Phoeniculidae,Bucerotiformes,Phoeniculus,purpureus,Phoeniculidae,Bucerotiformes,76.5,63.5,0,1,0,,1,2,2,2,1,1,0,0,0,0,0,0,0,0,0,0,0,0,0,NA,0,,Grabbing/gleaning,90,0,10,0,0,0,0,0,0,0,Invertebrate,0,0,0,20,60,20,0,0,0,0,NA,NA,NA,NA,0,NA,NA,0,NA,NA,0,NA,NA,1,NA,0,NA,NA,0
Picus_viridis_NHMUK_NHMUK_S1982.5.1,Picus,Picus,viridis,Picidae,Piciformes,Picus,,,,194,194,0,1,0,,1,2,2,2,1,0,1,0,0,1,1,0,0,0,0,0,0,0,0,NA,0,,Pecking/grazing,90,0,0,0,0,0,10,0,0,0,Invertebrate,0,0,100,0,0,0,0,0,0,0,0,0,0,0,0,0,0,0,0,0,0,0,1,1,1,0,0,0,0
Pipra_erythrocephala_UMMZ_157210,Ceratopipra,Pipra,erythrocephala, Pipridae,Passeriformes,Pipra,,,,12.8,14.1,0,1,0,,1,2,2,0,1,1,0,0,0,0,0,0,0,0,0,0,0,0,0,NA,0,,Grabbing/gleaning,20,0,0,0,0,0,80,0,0,0,FruiNect,0,0,0,50,50,0,0,0,0,0,NA,NA,NA,NA,0,NA,NA,1,NA,NA,0,NA,NA,1,NA,0,NA,NA,0
Piprites_chloris_FMNH_290398,Piprites,Piprites,chloris,Tyrannidae,Passeriformes,Piprites,,,,18,18,0,0,0,,0,2,2,0,1,1,0,0,0,0,0,0,0,0,0,0,0,0,0,NA,0,,Grabbing/gleaning,90,0,0,0,0,0,10,0,0,0,Invertebrate,0,0,0,0,20,80,0,0,0,0,NA,NA,NA,NA,0,NA,NA,1,NA,NA,0,NA,NA,1,NA,0,NA,NA,0
Podica_senegalensis_UMZC_209A_,Heliornis,Podica,senegalensis,Heliornithidae,Gruiformes,Heliornis,senegalensis,Heliornithidae,Gruiformes,608.5,608.5,0,1,0,,1,0,0,0,0,1,0,0,0,0,0,0,0,0,0,0,2,1,1,NA,0,,Grabbing/gleaning,30,0,30,20,0,0,0,0,0,20,Omnivore,20,60,20,0,0,0,0,0,0,0,NA,NA,NA,NA,0,NA,NA,0,NA,NA,0,NA,NA,1,NA,0,NA,NA,0
Poecile_atricapillis_FMNH_504323,Poecile,Poecile,atricapillus, Paridae, Passeriformes,Poecile,lugubris, Paridae, Passeriformes,11.6,11.6,0,1,0,,1,2,2,2,1,1,0,0,0,1,0,0,0,0,0,0,0,0,0,NA,0,,Grabbing/gleaning,60,0,0,0,0,0,20,0,20,0,Invertebrate,0,0,0,20,80,0,0,0,0,0,NA,NA,NA,NA,0,NA,NA,1,NA,NA,0,NA,NA,1,NA,0,NA,NA,0
Porphyrio_poliocephalus_NHMUK_S1952.1.93,Porphyrio,Porphyrio,poliocephalus,Rallidae,Gruiformes,Porphyrio,,,,869,724,1,1,0,,1,0,0,0,0,1,0,0,0,0,0,0,0,0,0,0,0,0,0,NA,0,,Cracking/biting,10,10,10,0,0,0,0,0,30,40,PlantSeed,0,20,60,20,0,0,0,0,0,0,NA,NA,NA,NA,0,NA,NA,0,NA,NA,0,NA,NA,1,NA,0,NA,NA,0
Probosciger_aterriumus_NHMUK_S2006.15.5,Probosciger,Probosciger,aterrimus,Cacatuidae,Psittaciformes,Probosciger,aterrimus,Cacatuidae,Psittaciformes,775,775,0,1,0,,1,2,2,0,1,0,1,0,0,1,0,0,1,1,1,0,0,0,0,NA,0,,Cracking/biting,0,0,0,0,0,0,40,0,30,30,PlantSeed,0,0,10,10,40,40,0,0,0,0,NA,NA,NA,NA,0,NA,NA,0,NA,NA,0,NA,NA,1,NA,0,NA,NA,0
Psittacus_erithacus_NHMUK_S1992.41.60_,Psittacus,Psittacus,erithacus,Psittacidae,Psittaciformes,Psittacus,erithacus,Psittacidae,Psittaciformes,446,446,0,1,0,,1,2,2,0,1,0,1,0,0,1,0,0,1,1,1,0,0,0,0,NA,0,,Cracking/biting,0,0,0,0,0,0,50,0,50,0,Omnivore,0,0,0,0,40,60,0,0,0,0,0,0,0,0,0,0,0,0,0,0,0,0,0,1,1,0,0,0,0
Psittrichas_fulgidus_YPM_141821,Psittrichas,Psittrichas,fulgidus, Psittrichasiidae,Psittaciformes,Psittrichas,,,,745,745,0,1,0,,1,2,2,0,1,0,1,0,0,1,0,0,1,1,1,0,0,0,0,NA,0,,Cracking/biting,0,0,0,0,0,0,70,10,0,20,FruiNect,0,0,0,30,50,20,0,0,0,0,NA,NA,NA,NA,0,NA,NA,0,NA,NA,0,NA,NA,1,NA,0,NA,NA,0
Psophia_crepitans_FMNH_105783,Psophia,Psophia,crepitans,Psophiidae,Gruiformes,Psophia,crepitans,Psophiidae,Gruiformes,1145,1145,1,1,1,,1,0,2,0,1,1,0,0,0,0,0,0,0,0,0,0,0,0,0,NA,0,,Pecking/grazing,10,0,0,0,0,0,90,0,0,0,FruiNect,0,0,70,30,0,0,0,0,0,0,NA,NA,NA,NA,0,NA,NA,0,NA,NA,0,NA,NA,1,NA,0,NA,NA,0
Pterocles_quadricinctus FMNH 319937,Pterocles,Pterocles,quadricinctus, Pteroclidae,Pterocliformes,Pterocles,,,,180,180,1,1,0,,1,0,0,0,0,1,0,0,0,0,0,0,0,0,0,0,0,0,0,NA,0,,Pecking/grazing,0,0,0,0,0,0,0,0,100,0,PlantSeed,0,0,70,30,0,0,0,0,0,0,0,0,0,0,0,0,0,0,0,0,0,0,0,0,0,0,0,1,0
Ptilinopus_lechlancheri_FMNH_358261,Ptilinopus,Ptilinopus,lechlancheri,Columbidae,Columbiformes,Ptilinopus,,,,174,156,0,1,0,,1,2,2,0,1,1,0,0,0,0,0,0,0,0,0,0,0,0,0,NA,0,,Grabbing/gleaning,0,0,0,0,0,0,100,0,0,0,FruiNect,0,0,0,33,33,33,0,0,0,0,NA,NA,NA,NA,0,NA,NA,0,NA,NA,0,NA,NA,1,NA,0,NA,NA,0
Ptilonorhynchus_violaceus_UMMZ_155483,Ptilonorhynchus,Ptilonorhynchus,violaceus,Ptilonorhynchidae,Passeriformes,Ptilonorhynchus,,,,231.5,214,0,1,0,,1,1,2,1,1,1,0,0,0,0,0,0,0,0,0,0,0,0,0,NA,0,,Pecking/grazing,40,0,0,0,0,0,30,10,10,10,Omnivore,0,0,0,30,20,50,0,0,0,0,NA,NA,NA,NA,0,NA,NA,0,NA,NA,0,NA,NA,1,NA,0,NA,NA,0
Puffinus_tenuirostris_NHMUK_1850.8.15.152,Puffinus,Puffinus,tenuirostris,Procellariidae, Procellariiformes,Puffinus,griseus,Procellariidae, Procellariiformes,705,705,0,1,0,,1,0,0,0,0,1,0,0,0,0,0,0,0,0,0,0,2,1,2,0,1,foot and wing,Grabbing/gleaning,30,0,0,70,0,0,0,0,0,0,VertFishScav,80,20,0,0,0,0,0,1,1,0,0,1,0,0,1,1,1,0,0,0,0,0,0,0,0,1,1,1,0
Pycnonotus_caffer_NHMUK_S1986.75.18_01,Pycnonotus,Pycnonotus,caffer,Pycnonotidae,Passeriformes,Pycnonotus,urostictus,Pycnonotidae,Passeriformes,34,34,0,0,0,unclear,0,2,2,2,1,1,0,0,0,0,0,0,0,0,0,0,0,0,0,NA,0,,Grabbing/gleaning,20,0,0,0,10,0,20,20,10,20,Omnivore,0,0,20,30,30,0,20,0,0,0,NA,NA,NA,NA,0,NA,NA,0,NA,NA,0,NA,NA,1,NA,0,NA,NA,0
Rallus_limnicola_FMNH_501812,Rallus,Rallus,limnicola,Rallidae,Gruiformes,Rallus,longirostris,Rallidae,Gruiformes,94,74,1,1,1,,1,0,0,0,0,1,0,0,0,0,0,0,0,0,0,0,2,1,0,NA,0,,Probing,20,0,20,20,0,0,0,0,20,20,Omnivore,0,50,50,0,0,0,0,0,0,0,0,0,0,0,1,0,1,0,0,0,0,0,0,1,1,1,0,1,0
Recurvirostra_avosetta_NHMUk_S1962.10,Recurvirostra,Recurvirostra,avosetta,Recurvirostra,Charadriiformes,Recurvirostra,americana,Recurvirostra,Charadriiformes,296.5,296.5,1,1,1,,1,0,0,0,0,1,0,0,0,0,0,0,0,0,0,0,2,1,0,NA,0,,Probing,80,0,0,10,0,0,0,0,0,10,Invertebrate,0,50,50,0,0,0,0,0,0,0,0,0,0,0,0,0,0,0,0,0,0,0,0,0,0,1,0,1,0
Regulus_ignicapillus_NHMUK_S1952.2.662_,Regulus,Regulus,ignicapillus,Regulidae,Passeriformes,Regulus,ignicapillus,Regulidae,Passeriformes,6,6,0,1,0,unclear,0,2,2,2,1,1,0,0,0,0,0,0,0,0,0,0,0,0,0,NA,0,,Grabbing/gleaning,100,0,0,0,0,0,0,0,0,0,Invertebrate,0,0,0,50,50,0,0,0,0,0,0,0,0,0,0,0,0,0,0,0,0,0,0,1,1,1,0,1,0
Rhamphastos_ambiguus_NHMUK_S2002.21,Ramphastos,Rhamphastos,ambiguus,Ramphastidae,Piciformes,Ramphastos,ambiguus,Ramphastidae,Piciformes,672.5,672.5,0,1,0,,1,2,2,0,1,0,1,0,0,0,0,0,0,0,0,0,0,0,0,NA,0,,Grabbing/gleaning,20,10,10,0,0,0,60,0,0,0,FruiNect,0,0,0,10,30,60,0,0,0,0,NA,NA,NA,NA,0,NA,NA,0,NA,NA,0,NA,NA,1,NA,0,NA,NA,0
Rhynchocyclus_olivaceus_FMNH_330600,Rhynchocyclus,Rhynchocyclus,olivaceus,Tyrannidae, Passeriformes,Rhynchocyclus,olivaceus,Tyrannidae, Passeriformes,21.4,21.4,0,1,0,unclear,0,2,2,0,1,1,0,0,0,0,0,0,0,0,0,0,0,0,0,NA,0,,Grabbing/gleaning,100,0,0,0,0,0,0,0,0,0,Invertebrate,0,0,0,50,50,0,0,0,0,0,NA,NA,NA,NA,0,NA,NA,0,NA,NA,0,NA,NA,1,NA,0,NA,NA,0
Rollandia_rollandia_UMMZ_156975,Rollandia,Rollandia,rollandia,Podicipedidae,Podicipediformes,Rollandia,rolland,Podicipedidae,Podicipediformes,248,424,0,1,0,,1,0,0,0,0,1,0,0,0,0,0,0,0,0,0,0,2,1,1,NA,1,foot,Grabbing/gleaning,20,0,0,80,0,0,0,0,0,0,VertFishScav,20,80,0,0,0,0,0,0,0,0,NA,NA,NA,NA,0,NA,NA,0,NA,NA,0,NA,NA,0,NA,1,NA,NA,0
Rollulus_rouloul_NHMUK_1871.7.20.87,Rollulus,Rollulus,rouloul,Phasianidae,Galliformes,Rollulus,rouloul,Phasianidae,Galliformes,262.5,250,1,1,0,,1,0,0,0,0,1,0,0,0,0,0,0,0,0,0,0,0,0,0,NA,0,,Pecking/grazing,40,0,0,0,0,0,30,0,30,0,Omnivore,0,0,100,0,0,0,0,0,0,0,NA,NA,NA,NA,0,NA,NA,0,NA,NA,0,NA,NA,1,NA,0,NA,NA,0
Rostratula_benghalensis_FMNH_319933,Rostratula,Rostratula,benghalensis,Rostratulidae,Charadriiformes,Rostratula,benghalensis,Rostratulidae,Charadriiformes,145,145,1,1,0,,1,0,0,0,0,1,0,0,0,0,0,0,0,0,0,0,2,1,0,NA,0,,Probing,60,0,0,0,0,0,0,0,40,0,Invertebrate,0,50,50,0,0,0,0,0,0,0,NA,NA,NA,NA,0,NA,NA,0,NA,NA,0,NA,NA,0,NA,0,NA,NA,0
Rupicola_peruviana_UMMZ_119210,Rupicola,Rupicola,peruvianus,Cotingidae,Passeriformes,Rupicola,,,,266,219.5,0,0,0,unclear,0,2,2,0,1,1,0,0,0,0,0,0,0,0,0,0,0,0,0,NA,0,,Grabbing/gleaning,20,0,0,0,10,0,70,0,0,0,FruiNect,0,0,30,30,40,0,0,0,0,0,NA,NA,NA,NA,0,NA,NA,0,NA,NA,0,NA,NA,1,NA,0,NA,NA,0
Rynchops_niger_FMNH_376309,Rynchops,Rynchops,niger,Laridae,Charadriiformes,Rynchops,,,,341,263.5,0,1,0,,1,0,0,0,0,1,0,0,0,0,0,0,0,0,0,0,0,0,2,0,0,,Grabbing/gleaning,30,0,0,70,0,0,0,0,0,0,VertFishScav,0,100,0,0,0,0,0,0,0,0,NA,NA,NA,NA,0,NA,NA,0,NA,NA,0,NA,NA,0,NA,1,NA,NA,0
Sagittarius_serpentarius_NHMUK_1898.5.7.1,Sagittarius,Sagittarius,serpentarius,Sagittariidae,Accipitriformes,Sagittarius,serpentarius,Sagittariidae,Accipitriformes,3285,3285,1,1,1,,1,0,2,0,1,1,0,0,0,0,0,1,0,1,1,0,0,0,0,NA,0,,Grabbing/gleaning,60,20,20,0,0,0,0,0,0,0,Invertebrate,0,0,100,0,0,0,0,0,0,1,0,1,0,1,0,0,0,0,0,0,0,0,0,0,0,0,0,0,0
Sclerurus_mexicanus_FMNH_321715,Sclerurus,Sclerurus,mexicanus,Furnariidae,Passeriformes,Sclerurus,mexicanus,Furnariidae,Passeriformes,27,27,1,1,0,,1,0,0,2,1,1,0,0,0,0,0,0,0,0,0,0,0,0,0,NA,0,,Pecking/grazing,100,0,0,0,0,0,0,0,0,0,Invertebrate,0,0,80,20,0,0,0,0,0,0,NA,NA,NA,NA,0,NA,NA,0,NA,NA,0,NA,NA,1,NA,0,NA,NA,0
Scopus_umbretta_FMNH_313701_,Scopus,Scopus,umbretta,Scopidae,Pelecaniformes,Scopus,umbretta,Scopidae,Pelecaniformes,422.5,422.5,1,1,0,,1,0,2,0,1,1,0,0,0,0,0,0,0,0,0,0,0,0,0,NA,0,,Grabbing/gleaning,30,0,40,30,0,0,0,0,0,0,VertFishScav,0,100,0,0,0,0,0,0,0,1,NA,NA,NA,NA,0,NA,NA,0,NA,NA,0,NA,NA,1,NA,1,NA,NA,0
Spheniscus_humboldti_NHMUK_S_2000.7.1,Spheniscus,Spheniscus,humboldti,Spheniscidae,Sphenisciformes,Spheniscus,humboldti,Spheniscidae,Sphenisciformes,4350,4350,1,1,0,,1,0,0,1,0,1,0,0,0,0,0,0,0,0,0,1,2,0,2,0,0,,Grabbing/gleaning,30,0,0,70,0,0,0,0,0,0,VertFishScav,100,0,0,0,0,0,0,1,0,0,NA,NA,NA,NA,1,NA,NA,0,NA,NA,0,NA,NA,0,NA,1,NA,NA,0
Sterna_hirundo_NHMUK_NHMUK_S_1975.65.4,Sterna,Sterna,hirundo,Laridae,Charadriiformes,Sterna,hirundo,Laridae,Charadriiformes,121.5,121.5,0,1,0,,1,0,0,0,0,1,0,0,0,0,0,0,0,0,0,0,2,1,2,0,0,,Grabbing/gleaning,10,0,0,80,0,10,0,0,0,0,VertFishScav,80,20,0,0,0,0,0,0,0,0,0,0,0,0,0,1,1,0,0,0,0,0,0,0,0,1,1,1,0
Streptoprocne_zonaris_FMNH_85767,Streptoprocne,Streptoprocne,zonaris,Apodidae, Apodiformes,Streptoprocne,zonaris,Apodidae, Apodiformes,96.375,96.375,0,0,0,,0,2,2,0,0,1,0,0,1,1,0,0,0,0,0,0,0,0,0,NA,0,,Grabbing/gleaning,100,0,0,0,0,0,0,0,0,0,Invertebrate,0,0,0,0,0,0,100,0,0,0,NA,NA,NA,NA,0,NA,NA,0,NA,NA,1,NA,NA,1,NA,1,NA,NA,0
Strix_aluco_NHMUK_S2001.38,Strix,Strix,aluco,Strigidae,Strigiformes,Strix,varia,Strigidae,Strigiformes,440,553,0,1,0,,1,2,2,0,1,1,1,0,0,0,0,1,0,1,1,0,0,0,0,NA,0,,Tearing,10,80,10,0,0,0,0,0,0,0,VertFishScav,0,10,70,10,10,0,0,0,0,0,0,0,0,0,0,0,0,0,0,0,0,0,1,1,1,0,0,0,0
Sula_dactylatra_NHMUK_1890.11.3.10,Morus,Sula,dactylatra,Sulidae,Suliformes,Morus,serrator,Sulidae,Suliformes,1450,1555,0,1,0,,1,0,0,0,0,1,0,0,0,0,0,0,0,0,0,0,2,1,2,1,1,foot and wing,Grabbing/gleaning,0,0,0,100,0,0,0,0,0,0,VertFishScav,100,0,0,0,0,0,0,1,1,0,0,1,0,1,1,1,1,0,0,0,0,0,1,0,0,0,0,0,0
Sylvia_borin_FMNH_385185,Sylvia,Sylvia,borin,Sylviidae, Passeriformes,Sylvia,melanocephala,Sylviidae, Passeriformes,19,19,0,1,0,unclear,0,2,2,2,1,1,0,0,0,0,0,0,0,0,0,0,0,0,0,NA,0,,Grabbing/gleaning,50,0,0,0,0,0,40,10,0,0,Omnivore,0,0,0,60,20,20,0,0,0,0,0,0,0,0,0,0,0,1,0,1,0,0,0,1,1,1,1,1,0
Terenura_spodioptila_FMNH_344009,Terenura,Terenura,spodioptila,Thamnophilidae, Passeriformes,Terenura,callinota,Thamnophilidae, Passeriformes,7,7,0,1,0,unclear,0,2,2,0,1,1,0,0,0,1,0,0,0,0,0,0,0,0,0,NA,0,,Grabbing/gleaning,100,0,0,0,0,0,0,0,0,0,Invertebrate,0,0,0,0,70,30,0,0,0,0,NA,NA,NA,NA,0,NA,NA,1,NA,NA,0,NA,NA,1,NA,0,NA,NA,0
Tigrisoma_lineatum_FMNH_105528,Tigrisoma,Tigrisoma,lineatum,Ardeidae,Pelecaniformes,Tigrisoma,lineatum,Ardeidae,Pelecaniformes,840,840,1,1,0,,1,0,2,0,1,1,0,0,0,0,0,0,0,0,0,0,0,0,0,NA,0,,Grabbing/gleaning,70,0,0,0,30,0,0,0,0,0,Invertebrate,0,80,20,0,0,0,0,0,0,0,NA,NA,NA,NA,0,NA,NA,0,NA,NA,0,NA,NA,1,NA,0,NA,NA,0
Tityra_semifasciata_NHMUK_1891.7.20.15,Tityra,Tityra,semifasciata,Tityridae,Passeriformes,Tityra,,,,82.55,82.55,0,0,0,unclear,0,2,2,0,1,1,0,0,0,0,0,0,0,0,0,0,0,0,0,NA,0,,Grabbing/gleaning,20,0,10,0,0,0,70,0,0,0,FruiNect,0,0,0,50,50,0,0,0,0,0,NA,NA,NA,NA,0,NA,NA,0,NA,NA,0,NA,NA,1,NA,0,NA,NA,0
Tockus_nasutus_NHMUK_S_1989.2.2,Tockus,Tockus,nasutus,Bucerotidae,Bucerotiformes,Tockus,camurus,Bucerotidae,Bucerotiformes,215,189,0,1,0,,1,2,2,0,1,1,0,0,0,0,0,0,0,0,0,0,0,0,0,NA,0,,Grabbing/gleaning,70,0,20,0,0,0,10,0,0,0,Invertebrate,0,0,20,20,20,20,20,0,0,0,NA,NA,NA,NA,0,NA,NA,0,NA,NA,0,NA,NA,1,NA,0,NA,NA,0
Todus_mexicanus_FMNH_351174,Todus,Todus,mexicanus,Todidae,Coraciiformes,Todus,mexicanus,Todidae,Coraciiformes,6.4,5.65,0,0,0,unclear,0,2,0,0,1,1,0,0,0,0,0,0,0,0,0,0,0,0,0,NA,0,,Grabbing/gleaning,80,0,10,0,0,0,10,0,0,0,Invertebrate,0,0,0,30,70,0,0,0,0,0,NA,NA,NA,NA,0,NA,NA,1,NA,NA,0,NA,NA,1,NA,0,NA,NA,0
Topaza_pyra_FMNH_318845,Topaza,Topaza,pyra,Trochilidae,Apodiformes,Topaza,,,,14.5,11.1,0,0,0,,0,2,2,0,1,1,0,0,0,0,0,0,0,0,0,0,0,0,0,NA,0,,Probing,10,0,0,0,0,0,0,90,0,0,FruiNect,0,0,0,10,30,40,20,0,0,0,NA,NA,NA,NA,0,NA,NA,1,NA,NA,1,NA,NA,1,NA,0,NA,NA,0
Treron_capellei_UMMZ_220454,Treron,Treron,capellei,Columbidae,Columbiformes,Treron,,,,455.5,455.5,0,1,0,unclear,0,2,2,0,1,1,0,0,0,1,0,0,0,0,0,0,0,0,0,NA,0,,Grabbing/gleaning,0,0,0,0,0,0,100,0,0,0,FruiNect,0,0,0,0,60,40,0,0,0,0,NA,NA,NA,NA,0,NA,NA,0,NA,NA,0,NA,NA,1,NA,0,NA,NA,0
Tringa_ochrophus_FMNH_368850,Tringa,Tringa,ochrophus,Scolopacidae,Charadriiformes,Tringa,solitaria,Scolopacidae,Charadriiformes,86,86,1,1,1,,1,0,2,0,0,1,0,0,0,0,0,0,0,0,0,0,2,1,0,NA,1,foot and wing,Probing,70,0,0,20,0,0,0,0,0,10,Invertebrate,0,50,40,10,0,0,0,0,0,0,0,0,0,0,0,0,0,0,0,0,0,0,0,0,0,1,1,1,0
Trogon_melanurus_FMNH_290496,Trogon,Trogon,melanurus,Trogonidae, Passeriformes,Trogon,elegans,Trogonidae, Passeriformes,87,87,0,0,0,,0,2,2,0,1,0,0,1,0,0,0,0,0,0,0,0,0,0,0,NA,0,,Grabbing/gleaning,30,0,0,0,0,0,70,0,0,0,FruiNect,0,0,0,10,30,60,0,0,0,0,NA,NA,NA,NA,0,NA,NA,0,NA,NA,0,NA,NA,1,NA,0,NA,NA,0
Turdus_olivater_FMNH_319675,Turdus,Turdus,olivater,Turdidae, Passeriformes,Turdus,olivater,Turdidae, Passeriformes,80.5,80.5,0,1,0,,1,2,2,2,1,1,0,0,0,0,0,0,0,0,0,0,0,0,0,NA,0,,Pecking/grazing,40,0,0,0,0,0,50,0,10,0,Omnivore,0,0,0,0,60,40,0,0,0,0,0,0,0,0,0,0,0,0,0,1,0,0,0,1,1,0,0,1,0
Turnix_varius_NHMUK_S1952.2.142,Turnix,Turnix,varius,Turnicidae,Charadriiformes,Turnix,ocellatus,Turnicidae,Charadriiformes,73.5,103,1,1,1,,1,0,0,0,0,1,0,0,0,0,0,0,0,0,0,0,0,0,0,NA,0,,Pecking/grazing,20,0,0,0,0,0,30,0,30,20,Omnivore,0,0,100,0,0,0,0,0,0,0,NA,NA,NA,NA,0,NA,NA,0,NA,NA,0,NA,NA,1,NA,1,NA,NA,1
Tyrannus_tyrannus_FMNH_487521,Tyrannus,Tyrannus,tyrannus,Tyrannidae, Passeriformes,Tyrannus,albogularis,Tyrannidae, Passeriformes,41,41,0,0,0,unclear,0,2,2,0,1,1,0,0,0,0,0,0,0,0,0,0,0,0,0,NA,0,,Grabbing/gleaning,70,0,10,0,0,0,10,0,10,0,Invertebrate,0,0,0,80,20,0,0,0,0,0,NA,NA,NA,NA,0,NA,NA,1,NA,NA,0,NA,NA,1,NA,1,NA,NA,0
Tyto_alba_NHMUK_S1989.22.1_,Tyto,Tyto,alba,Tytonidae,Strigiformes,Tyto,alba,Tytonidae,Strigiformes,550,550,0,1,0,,1,2,2,0,1,1,1,0,0,0,0,1,0,1,1,0,0,0,0,NA,0,,Grabbing/gleaning,10,80,10,0,0,0,0,0,0,0,VertFishScav,0,0,90,10,0,0,0,0,0,0,0,0,0,0,0,0,0,0,0,0,0,0,0,1,1,1,0,0,0
Upupa_epops_FMNH_352821,Upupa,Upupa,epops,Upupidae,Bucerotiformes,Upupa,epops,Upupidae,Bucerotiformes,67.5,67.5,0,1,0,,1,2,2,0,1,1,0,0,0,1,1,0,0,0,0,0,0,0,0,NA,0,,Grabbing/gleaning,80,0,20,0,0,0,0,0,0,0,Invertebrate,0,0,100,0,0,0,0,0,0,0,0,0,0,0,0,0,0,1,0,0,0,0,0,1,1,1,0,1,0
Vultur_gryphus_NHMUK_S1955.5.11,Vultur,Vultur,gryphus,Cathartidae,Accipitriformes,Vultur,gryphus,Cathartidae,Accipitriformes,13000,9500,0,1,0,,1,0,0,0,0,1,0,0,0,0,0,0,0,0,1,0,0,0,0,NA,0,,Tearing,0,0,0,0,0,100,0,0,0,0,VertFishScav,0,0,100,0,0,0,0,0,0,1,1,1,1,1,0,0,0,0,0,0,0,0,0,0,0,0,0,0,0
